filename,label
c00288,sml_bird
c00200,sml_bird
c00286,sml_bird
c00237,sml_bird
c00086,sml_bird
c00162,sml_bird
c00047,sml_bird
c00003,sml_bird
c00256,sml_bird
c00185,sml_bird
c00105,sml_bird
c00232,sml_bird
c00157,sml_bird
c00122,sml_bird
c00187,sml_bird
c00182,sml_bird
c00175,sml_bird
c00107,sml_bird
c00196,sml_bird
c00147,sml_bird
c00216,sml_bird
c00020,sml_bird
c00207,sml_bird
c00009,sml_bird
c00271,sml_bird
c00251,sml_bird
c00013,sml_bird
c00161,sml_bird
c00181,sml_bird
c00012,sml_bird
c00056,sml_bird
c00213,sml_bird
c00043,sml_bird
c00159,sml_bird
c00110,sml_bird
c00154,sml_bird
c00235,sml_bird
c00084,sml_bird
c00287,sml_bird
c00150,sml_bird
c00211,sml_bird
c00252,sml_bird
c00022,sml_bird
c00118,sml_bird
c00214,sml_bird
c00174,sml_bird
c00234,sml_bird
c00101,sml_bird
c00037,sml_bird
c00080,sml_bird
c00036,sml_bird
c00294,sml_bird
c00265,sml_bird
c00059,sml_bird
c00297,sml_bird
c00292,sml_bird
c00262,sml_bird
c00254,sml_bird
c00243,sml_bird
c00061,sml_bird
c00078,sml_bird
c00183,sml_bird
c00227,sml_bird
c00023,sml_bird
c00041,sml_bird
c00236,sml_bird
c00209,sml_bird
c00018,sml_bird
c00039,sml_bird
c00029,sml_bird
c00250,sml_bird
c00148,sml_bird
c00299,sml_bird
c00244,sml_bird
c00135,sml_bird
c00066,sml_bird
c00222,sml_bird
c00151,sml_bird
c00010,sml_bird
c00171,sml_bird
c00093,sml_bird
c00049,sml_bird
c00069,sml_bird
c00168,sml_bird
c00085,sml_bird
c00255,sml_bird
c00109,sml_bird
c00156,sml_bird
c00053,sml_bird
c00060,sml_bird
c00285,sml_bird
c00284,sml_bird
c00281,sml_bird
c00132,sml_bird
c00263,sml_bird
c00082,sml_bird
c00279,sml_bird
c00223,sml_bird
c00087,sml_bird
c00007,sml_bird
c00198,sml_bird
c00021,sml_bird
c00268,sml_bird
c00295,sml_bird
c00293,sml_bird
c00134,sml_bird
c00025,sml_bird
c00124,sml_bird
c00226,sml_bird
c00076,sml_bird
c00038,sml_bird
c00034,sml_bird
c00153,sml_bird
c00081,sml_bird
c00091,sml_bird
c00260,sml_bird
c00024,sml_bird
c00015,sml_bird
c00117,sml_bird
c00172,sml_bird
c00077,sml_bird
c00259,sml_bird
c00178,sml_bird
c00073,sml_bird
c00050,sml_bird
c00290,sml_bird
c00057,sml_bird
c00112,sml_bird
c00083,sml_bird
c00096,sml_bird
c00277,sml_bird
c00208,sml_bird
c00126,sml_bird
c00192,sml_bird
c00104,sml_bird
c00017,sml_bird
c00238,sml_bird
c00062,sml_bird
c00247,sml_bird
c00258,sml_bird
c00176,sml_bird
c00051,sml_bird
c00267,sml_bird
c00246,sml_bird
c00113,sml_bird
c00257,sml_bird
c00133,sml_bird
c00167,sml_bird
c00210,sml_bird
c00120,sml_bird
c00046,sml_bird
c00136,sml_bird
c00218,sml_bird
c00280,sml_bird
c00032,sml_bird
c00221,sml_bird
c00004,sml_bird
c00100,sml_bird
c00001,sml_bird
c00224,sml_bird
c00197,sml_bird
c00090,sml_bird
c00173,sml_bird
c00027,sml_bird
c00074,sml_bird
c00063,sml_bird
c00158,sml_bird
c00079,sml_bird
c00144,sml_bird
c00094,sml_bird
c00097,sml_bird
c00016,sml_bird
c00142,sml_bird
c00220,sml_bird
c00177,sml_bird
c00092,sml_bird
c00048,sml_bird
c00116,sml_bird
c00155,sml_bird
c00064,sml_bird
c00128,sml_bird
c00072,sml_bird
c00070,sml_bird
c00106,sml_bird
c00191,sml_bird
c00160,sml_bird
c00114,sml_bird
c00241,sml_bird
c00164,sml_bird
c00212,sml_bird
c00138,sml_bird
c00058,sml_bird
c00008,sml_bird
c00033,sml_bird
c00228,sml_bird
c00130,sml_bird
c00194,sml_bird
c00035,sml_bird
c00201,sml_bird
c00193,sml_bird
c00129,sml_bird
c00217,sml_bird
c00275,sml_bird
c00054,sml_bird
c00119,sml_bird
c00188,sml_bird
c00219,sml_bird
c00052,sml_bird
c00067,sml_bird
c00206,sml_bird
c00102,sml_bird
c00204,sml_bird
c00163,sml_bird
c00195,sml_bird
c00205,sml_bird
c00125,sml_bird
c00282,sml_bird
c00186,sml_bird
c00202,sml_bird
c00137,sml_bird
c00146,sml_bird
c00225,sml_bird
c00215,sml_bird
c00030,sml_bird
c00026,sml_bird
c00283,sml_bird
c00276,sml_bird
c00291,sml_bird
c00169,sml_bird
c00121,sml_bird
c00249,sml_bird
c00089,sml_bird
c00140,sml_bird
c00071,sml_bird
c00145,sml_bird
c00068,sml_bird
c00028,sml_bird
c00044,sml_bird
c00278,sml_bird
c00170,sml_bird
c00289,sml_bird
c00006,sml_bird
c00245,sml_bird
c00123,sml_bird
c00179,sml_bird
c00166,sml_bird
c00180,sml_bird
c00002,sml_bird
c00103,sml_bird
c00165,sml_bird
c00273,sml_bird
c00014,sml_bird
c00131,sml_bird
c00242,sml_bird
c00231,sml_bird
c00270,sml_bird
c00300,sml_bird
c00298,sml_bird
c00266,sml_bird
c00253,sml_bird
c00108,sml_bird
c00098,sml_bird
c00233,sml_bird
c00272,sml_bird
c00065,sml_bird
c00099,sml_bird
c00141,sml_bird
c00189,sml_bird
c00019,sml_bird
c00264,sml_bird
c00261,sml_bird
c00042,sml_bird
c00075,sml_bird
c00111,sml_bird
c00115,sml_bird
c00190,sml_bird
c00040,sml_bird
c00045,sml_bird
c00055,sml_bird
c00031,sml_bird
c00229,sml_bird
c00011,sml_bird
c00095,sml_bird
c00199,sml_bird
c00127,sml_bird
c00274,sml_bird
c00230,sml_bird
c00088,sml_bird
c00005,sml_bird
c00184,sml_bird
c00152,sml_bird
c00296,sml_bird
c00239,sml_bird
c00149,sml_bird
c00240,sml_bird
c00248,sml_bird
c00203,sml_bird
c00143,sml_bird
c00269,sml_bird
c00139,sml_bird
b00258,mid_bird
b00216,mid_bird
b00236,mid_bird
b00154,mid_bird
b00203,mid_bird
b00031,mid_bird
b00262,mid_bird
b00055,mid_bird
b00025,mid_bird
b00300,mid_bird
b00196,mid_bird
b00016,mid_bird
b00007,mid_bird
b00021,mid_bird
b00178,mid_bird
b00186,mid_bird
b00094,mid_bird
b00111,mid_bird
b00267,mid_bird
b00100,mid_bird
b00062,mid_bird
b00088,mid_bird
b00206,mid_bird
b00238,mid_bird
b00239,mid_bird
b00259,mid_bird
b00172,mid_bird
b00242,mid_bird
b00054,mid_bird
b00211,mid_bird
b00198,mid_bird
b00076,mid_bird
b00210,mid_bird
b00105,mid_bird
b00047,mid_bird
b00083,mid_bird
b00283,mid_bird
b00128,mid_bird
b00030,mid_bird
b00292,mid_bird
b00298,mid_bird
b00209,mid_bird
b00233,mid_bird
b00126,mid_bird
b00161,mid_bird
b00163,mid_bird
b00199,mid_bird
b00086,mid_bird
b00285,mid_bird
b00112,mid_bird
b00188,mid_bird
b00147,mid_bird
b00269,mid_bird
b00040,mid_bird
b00136,mid_bird
b00009,mid_bird
b00264,mid_bird
b00124,mid_bird
b00153,mid_bird
b00001,mid_bird
b00151,mid_bird
b00127,mid_bird
b00056,mid_bird
b00164,mid_bird
b00157,mid_bird
b00193,mid_bird
b00155,mid_bird
b00152,mid_bird
b00261,mid_bird
b00168,mid_bird
b00217,mid_bird
b00204,mid_bird
b00006,mid_bird
b00073,mid_bird
b00087,mid_bird
b00265,mid_bird
b00223,mid_bird
b00263,mid_bird
b00064,mid_bird
b00051,mid_bird
b00005,mid_bird
b00295,mid_bird
b00248,mid_bird
b00065,mid_bird
b00090,mid_bird
b00182,mid_bird
b00166,mid_bird
b00195,mid_bird
b00122,mid_bird
b00192,mid_bird
b00194,mid_bird
b00109,mid_bird
b00069,mid_bird
b00012,mid_bird
b00043,mid_bird
b00145,mid_bird
b00231,mid_bird
b00029,mid_bird
b00174,mid_bird
b00255,mid_bird
b00214,mid_bird
b00107,mid_bird
b00011,mid_bird
b00169,mid_bird
b00022,mid_bird
b00115,mid_bird
b00244,mid_bird
b00131,mid_bird
b00075,mid_bird
b00234,mid_bird
b00243,mid_bird
b00082,mid_bird
b00286,mid_bird
b00057,mid_bird
b00251,mid_bird
b00091,mid_bird
b00093,mid_bird
b00270,mid_bird
b00101,mid_bird
b00027,mid_bird
b00289,mid_bird
b00202,mid_bird
b00228,mid_bird
b00114,mid_bird
b00010,mid_bird
b00106,mid_bird
b00103,mid_bird
b00173,mid_bird
b00048,mid_bird
b00108,mid_bird
b00071,mid_bird
b00291,mid_bird
b00003,mid_bird
b00026,mid_bird
b00232,mid_bird
b00181,mid_bird
b00130,mid_bird
b00015,mid_bird
b00095,mid_bird
b00039,mid_bird
b00226,mid_bird
b00294,mid_bird
b00070,mid_bird
b00288,mid_bird
b00176,mid_bird
b00175,mid_bird
b00205,mid_bird
b00019,mid_bird
b00061,mid_bird
b00098,mid_bird
b00287,mid_bird
b00132,mid_bird
b00049,mid_bird
b00254,mid_bird
b00149,mid_bird
b00296,mid_bird
b00274,mid_bird
b00159,mid_bird
b00184,mid_bird
b00028,mid_bird
b00014,mid_bird
b00023,mid_bird
b00218,mid_bird
b00017,mid_bird
b00037,mid_bird
b00208,mid_bird
b00032,mid_bird
b00125,mid_bird
b00142,mid_bird
b00250,mid_bird
b00139,mid_bird
b00058,mid_bird
b00034,mid_bird
b00225,mid_bird
b00099,mid_bird
b00148,mid_bird
b00035,mid_bird
b00072,mid_bird
b00077,mid_bird
b00160,mid_bird
b00129,mid_bird
b00102,mid_bird
b00068,mid_bird
b00183,mid_bird
b00046,mid_bird
b00002,mid_bird
b00221,mid_bird
b00272,mid_bird
b00253,mid_bird
b00123,mid_bird
b00033,mid_bird
b00279,mid_bird
b00165,mid_bird
b00215,mid_bird
b00268,mid_bird
b00219,mid_bird
b00084,mid_bird
b00280,mid_bird
b00119,mid_bird
b00085,mid_bird
b00224,mid_bird
b00220,mid_bird
b00189,mid_bird
b00144,mid_bird
b00191,mid_bird
b00290,mid_bird
b00229,mid_bird
b00237,mid_bird
b00273,mid_bird
b00277,mid_bird
b00020,mid_bird
b00275,mid_bird
b00235,mid_bird
b00281,mid_bird
b00187,mid_bird
b00207,mid_bird
b00141,mid_bird
b00074,mid_bird
b00156,mid_bird
b00013,mid_bird
b00113,mid_bird
b00247,mid_bird
b00121,mid_bird
b00179,mid_bird
b00167,mid_bird
b00271,mid_bird
b00180,mid_bird
b00230,mid_bird
b00080,mid_bird
b00116,mid_bird
b00050,mid_bird
b00110,mid_bird
b00092,mid_bird
b00170,mid_bird
b00284,mid_bird
b00078,mid_bird
b00240,mid_bird
b00146,mid_bird
b00222,mid_bird
b00245,mid_bird
b00053,mid_bird
b00276,mid_bird
b00081,mid_bird
b00138,mid_bird
b00212,mid_bird
b00162,mid_bird
b00293,mid_bird
b00260,mid_bird
b00252,mid_bird
b00185,mid_bird
b00227,mid_bird
b00143,mid_bird
b00079,mid_bird
b00066,mid_bird
b00197,mid_bird
b00213,mid_bird
b00282,mid_bird
b00256,mid_bird
b00117,mid_bird
b00257,mid_bird
b00201,mid_bird
b00158,mid_bird
b00150,mid_bird
b00133,mid_bird
b00171,mid_bird
b00060,mid_bird
b00190,mid_bird
b00059,mid_bird
b00045,mid_bird
b00297,mid_bird
b00278,mid_bird
b00089,mid_bird
b00052,mid_bird
b00134,mid_bird
b00004,mid_bird
b00299,mid_bird
b00249,mid_bird
b00096,mid_bird
b00018,mid_bird
b00024,mid_bird
b00041,mid_bird
b00246,mid_bird
b00200,mid_bird
b00120,mid_bird
b00118,mid_bird
b00036,mid_bird
b00177,mid_bird
b00008,mid_bird
b00266,mid_bird
b00241,mid_bird
b00137,mid_bird
b00063,mid_bird
b00135,mid_bird
b00038,mid_bird
b00140,mid_bird
b00042,mid_bird
b00067,mid_bird
b00044,mid_bird
b00097,mid_bird
b00104,mid_bird
d00296,noo_bird
d00089,noo_bird
d00270,noo_bird
d00030,noo_bird
d00190,noo_bird
d00085,noo_bird
d00275,noo_bird
d00103,noo_bird
d00168,noo_bird
d00162,noo_bird
d00088,noo_bird
d00178,noo_bird
d00189,noo_bird
d00207,noo_bird
d00016,noo_bird
d00099,noo_bird
d00284,noo_bird
d00181,noo_bird
d00247,noo_bird
d00110,noo_bird
d00201,noo_bird
d00017,noo_bird
d00245,noo_bird
d00234,noo_bird
d00214,noo_bird
d00061,noo_bird
d00251,noo_bird
d00034,noo_bird
d00093,noo_bird
d00023,noo_bird
d00167,noo_bird
d00050,noo_bird
d00266,noo_bird
d00146,noo_bird
d00257,noo_bird
d00293,noo_bird
d00248,noo_bird
d00152,noo_bird
d00274,noo_bird
d00006,noo_bird
d00175,noo_bird
d00285,noo_bird
d00118,noo_bird
d00136,noo_bird
d00018,noo_bird
d00067,noo_bird
d00084,noo_bird
d00090,noo_bird
d00082,noo_bird
d00060,noo_bird
d00137,noo_bird
d00290,noo_bird
d00194,noo_bird
d00121,noo_bird
d00230,noo_bird
d00036,noo_bird
d00065,noo_bird
d00224,noo_bird
d00046,noo_bird
d00120,noo_bird
d00055,noo_bird
d00112,noo_bird
d00135,noo_bird
d00221,noo_bird
d00092,noo_bird
d00209,noo_bird
d00117,noo_bird
d00001,noo_bird
d00066,noo_bird
d00008,noo_bird
d00287,noo_bird
d00228,noo_bird
d00282,noo_bird
d00125,noo_bird
d00133,noo_bird
d00256,noo_bird
d00004,noo_bird
d00054,noo_bird
d00249,noo_bird
d00013,noo_bird
d00070,noo_bird
d00217,noo_bird
d00246,noo_bird
d00278,noo_bird
d00261,noo_bird
d00281,noo_bird
d00295,noo_bird
d00119,noo_bird
d00288,noo_bird
d00058,noo_bird
d00029,noo_bird
d00292,noo_bird
d00277,noo_bird
d00086,noo_bird
d00104,noo_bird
d00267,noo_bird
d00053,noo_bird
d00123,noo_bird
d00153,noo_bird
d00204,noo_bird
d00233,noo_bird
d00020,noo_bird
d00012,noo_bird
d00129,noo_bird
d00252,noo_bird
d00057,noo_bird
d00052,noo_bird
d00098,noo_bird
d00139,noo_bird
d00243,noo_bird
d00298,noo_bird
d00242,noo_bird
d00147,noo_bird
d00072,noo_bird
d00074,noo_bird
d00010,noo_bird
d00235,noo_bird
d00047,noo_bird
d00170,noo_bird
d00166,noo_bird
d00003,noo_bird
d00109,noo_bird
d00199,noo_bird
d00021,noo_bird
d00022,noo_bird
d00064,noo_bird
d00182,noo_bird
d00144,noo_bird
d00038,noo_bird
d00127,noo_bird
d00122,noo_bird
d00081,noo_bird
d00049,noo_bird
d00208,noo_bird
d00177,noo_bird
d00291,noo_bird
d00126,noo_bird
d00150,noo_bird
d00134,noo_bird
d00236,noo_bird
d00159,noo_bird
d00148,noo_bird
d00213,noo_bird
d00262,noo_bird
d00210,noo_bird
d00045,noo_bird
d00289,noo_bird
d00035,noo_bird
d00206,noo_bird
d00260,noo_bird
d00095,noo_bird
d00272,noo_bird
d00141,noo_bird
d00079,noo_bird
d00211,noo_bird
d00143,noo_bird
d00076,noo_bird
d00297,noo_bird
d00068,noo_bird
d00043,noo_bird
d00100,noo_bird
d00009,noo_bird
d00231,noo_bird
d00226,noo_bird
d00271,noo_bird
d00071,noo_bird
d00283,noo_bird
d00197,noo_bird
d00094,noo_bird
d00140,noo_bird
d00279,noo_bird
d00263,noo_bird
d00128,noo_bird
d00280,noo_bird
d00264,noo_bird
d00173,noo_bird
d00138,noo_bird
d00114,noo_bird
d00185,noo_bird
d00176,noo_bird
d00244,noo_bird
d00087,noo_bird
d00025,noo_bird
d00216,noo_bird
d00096,noo_bird
d00107,noo_bird
d00198,noo_bird
d00097,noo_bird
d00276,noo_bird
d00083,noo_bird
d00101,noo_bird
d00151,noo_bird
d00241,noo_bird
d00149,noo_bird
d00223,noo_bird
d00142,noo_bird
d00160,noo_bird
d00077,noo_bird
d00111,noo_bird
d00220,noo_bird
d00165,noo_bird
d00156,noo_bird
d00258,noo_bird
d00059,noo_bird
d00011,noo_bird
d00075,noo_bird
d00227,noo_bird
d00250,noo_bird
d00179,noo_bird
d00254,noo_bird
d00186,noo_bird
d00238,noo_bird
d00218,noo_bird
d00286,noo_bird
d00273,noo_bird
d00024,noo_bird
d00063,noo_bird
d00040,noo_bird
d00212,noo_bird
d00265,noo_bird
d00232,noo_bird
d00039,noo_bird
d00044,noo_bird
d00239,noo_bird
d00032,noo_bird
d00219,noo_bird
d00191,noo_bird
d00131,noo_bird
d00106,noo_bird
d00027,noo_bird
d00157,noo_bird
d00171,noo_bird
d00163,noo_bird
d00255,noo_bird
d00161,noo_bird
d00108,noo_bird
d00192,noo_bird
d00028,noo_bird
d00091,noo_bird
d00005,noo_bird
d00294,noo_bird
d00115,noo_bird
d00026,noo_bird
d00051,noo_bird
d00105,noo_bird
d00229,noo_bird
d00200,noo_bird
d00002,noo_bird
d00174,noo_bird
d00237,noo_bird
d00015,noo_bird
d00202,noo_bird
d00184,noo_bird
d00172,noo_bird
d00033,noo_bird
d00193,noo_bird
d00019,noo_bird
d00113,noo_bird
d00299,noo_bird
d00187,noo_bird
d00300,noo_bird
d00240,noo_bird
d00154,noo_bird
d00102,noo_bird
d00073,noo_bird
d00062,noo_bird
d00196,noo_bird
d00259,noo_bird
d00215,noo_bird
d00205,noo_bird
d00031,noo_bird
d00069,noo_bird
d00124,noo_bird
d00195,noo_bird
d00007,noo_bird
d00253,noo_bird
d00080,noo_bird
d00145,noo_bird
d00132,noo_bird
d00014,noo_bird
d00042,noo_bird
d00183,noo_bird
d00268,noo_bird
d00180,noo_bird
d00169,noo_bird
d00056,noo_bird
d00222,noo_bird
d00164,noo_bird
d00225,noo_bird
d00269,noo_bird
d00116,noo_bird
d00155,noo_bird
d00041,noo_bird
d00037,noo_bird
d00188,noo_bird
d00203,noo_bird
d00048,noo_bird
d00158,noo_bird
d00130,noo_bird
d00078,noo_bird
a00023,big_bird
a00085,big_bird
a00194,big_bird
a00230,big_bird
a00018,big_bird
a00160,big_bird
a00080,big_bird
a00226,big_bird
a00052,big_bird
a00275,big_bird
a00056,big_bird
a00119,big_bird
a00024,big_bird
a00094,big_bird
a00109,big_bird
a00296,big_bird
a00128,big_bird
a00214,big_bird
a00189,big_bird
a00042,big_bird
a00131,big_bird
a00273,big_bird
a00221,big_bird
a00173,big_bird
a00030,big_bird
a00154,big_bird
a00238,big_bird
a00272,big_bird
a00243,big_bird
a00153,big_bird
a00140,big_bird
a00158,big_bird
a00181,big_bird
a00204,big_bird
a00187,big_bird
a00026,big_bird
a00244,big_bird
a00145,big_bird
a00149,big_bird
a00079,big_bird
a00255,big_bird
a00277,big_bird
a00167,big_bird
a00046,big_bird
a00108,big_bird
a00276,big_bird
a00139,big_bird
a00254,big_bird
a00170,big_bird
a00198,big_bird
a00090,big_bird
a00016,big_bird
a00270,big_bird
a00186,big_bird
a00073,big_bird
a00069,big_bird
a00192,big_bird
a00174,big_bird
a00265,big_bird
a00057,big_bird
a00034,big_bird
a00134,big_bird
a00196,big_bird
a00262,big_bird
a00193,big_bird
a00084,big_bird
a00078,big_bird
a00288,big_bird
a00300,big_bird
a00209,big_bird
a00041,big_bird
a00025,big_bird
a00093,big_bird
a00208,big_bird
a00092,big_bird
a00239,big_bird
a00035,big_bird
a00292,big_bird
a00105,big_bird
a00048,big_bird
a00142,big_bird
a00015,big_bird
a00148,big_bird
a00074,big_bird
a00126,big_bird
a00082,big_bird
a00076,big_bird
a00218,big_bird
a00003,big_bird
a00012,big_bird
a00285,big_bird
a00010,big_bird
a00150,big_bird
a00229,big_bird
a00183,big_bird
a00156,big_bird
a00017,big_bird
a00137,big_bird
a00143,big_bird
a00220,big_bird
a00247,big_bird
a00125,big_bird
a00178,big_bird
a00266,big_bird
a00203,big_bird
a00071,big_bird
a00202,big_bird
a00097,big_bird
a00141,big_bird
a00055,big_bird
a00102,big_bird
a00184,big_bird
a00232,big_bird
a00191,big_bird
a00096,big_bird
a00199,big_bird
a00064,big_bird
a00165,big_bird
a00280,big_bird
a00129,big_bird
a00241,big_bird
a00036,big_bird
a00222,big_bird
a00224,big_bird
a00061,big_bird
a00212,big_bird
a00163,big_bird
a00111,big_bird
a00234,big_bird
a00151,big_bird
a00201,big_bird
a00031,big_bird
a00070,big_bird
a00240,big_bird
a00175,big_bird
a00007,big_bird
a00210,big_bird
a00114,big_bird
a00040,big_bird
a00225,big_bird
a00166,big_bird
a00038,big_bird
a00179,big_bird
a00127,big_bird
a00032,big_bird
a00219,big_bird
a00124,big_bird
a00029,big_bird
a00067,big_bird
a00072,big_bird
a00287,big_bird
a00188,big_bird
a00081,big_bird
a00256,big_bird
a00251,big_bird
a00264,big_bird
a00185,big_bird
a00039,big_bird
a00282,big_bird
a00286,big_bird
a00136,big_bird
a00005,big_bird
a00216,big_bird
a00217,big_bird
a00004,big_bird
a00261,big_bird
a00117,big_bird
a00291,big_bird
a00021,big_bird
a00295,big_bird
a00213,big_bird
a00147,big_bird
a00164,big_bird
a00047,big_bird
a00033,big_bird
a00099,big_bird
a00246,big_bird
a00294,big_bird
a00190,big_bird
a00059,big_bird
a00284,big_bird
a00171,big_bird
a00020,big_bird
a00144,big_bird
a00228,big_bird
a00176,big_bird
a00197,big_bird
a00104,big_bird
a00263,big_bird
a00077,big_bird
a00022,big_bird
a00045,big_bird
a00115,big_bird
a00066,big_bird
a00152,big_bird
a00014,big_bird
a00233,big_bird
a00281,big_bird
a00257,big_bird
a00013,big_bird
a00267,big_bird
a00089,big_bird
a00146,big_bird
a00159,big_bird
a00161,big_bird
a00271,big_bird
a00118,big_bird
a00062,big_bird
a00169,big_bird
a00008,big_bird
a00112,big_bird
a00205,big_bird
a00279,big_bird
a00106,big_bird
a00101,big_bird
a00063,big_bird
a00002,big_bird
a00095,big_bird
a00113,big_bird
a00086,big_bird
a00006,big_bird
a00043,big_bird
a00138,big_bird
a00051,big_bird
a00231,big_bird
a00299,big_bird
a00293,big_bird
a00227,big_bird
a00200,big_bird
a00180,big_bird
a00248,big_bird
a00182,big_bird
a00215,big_bird
a00123,big_bird
a00207,big_bird
a00206,big_bird
a00019,big_bird
a00009,big_bird
a00028,big_bird
a00058,big_bird
a00060,big_bird
a00098,big_bird
a00223,big_bird
a00027,big_bird
a00068,big_bird
a00268,big_bird
a00283,big_bird
a00274,big_bird
a00083,big_bird
a00177,big_bird
a00065,big_bird
a00249,big_bird
a00168,big_bird
a00237,big_bird
a00075,big_bird
a00116,big_bird
a00260,big_bird
a00107,big_bird
a00001,big_bird
a00011,big_bird
a00088,big_bird
a00162,big_bird
a00298,big_bird
a00250,big_bird
a00122,big_bird
a00130,big_bird
a00110,big_bird
a00211,big_bird
a00259,big_bird
a00155,big_bird
a00195,big_bird
a00235,big_bird
a00135,big_bird
a00044,big_bird
a00133,big_bird
a00049,big_bird
a00258,big_bird
a00297,big_bird
a00091,big_bird
a00290,big_bird
a00252,big_bird
a00245,big_bird
a00236,big_bird
a00054,big_bird
a00172,big_bird
a00289,big_bird
a00269,big_bird
a00037,big_bird
a00157,big_bird
a00087,big_bird
a00121,big_bird
a00100,big_bird
a00132,big_bird
a00253,big_bird
a00103,big_bird
a00120,big_bird
a00278,big_bird
a00053,big_bird
a00242,big_bird
a00050,big_bird
